"","Breeding.Biome","year","med","lci","uci"
"1","Arctic Tundra",1970,0,0,0
"12","Arctic Tundra",1971,-2480397.19158709,-22236986.9591801,17938365.6017207
"23","Arctic Tundra",1972,-5155124.71888155,-23907999.2117863,14546460.4863921
"34","Arctic Tundra",1973,-7219808.04059201,-24823410.8521571,11173504.2770549
"5","Arctic Tundra",1974,-9541855.14085311,-27555595.6955736,8639395.50500709
"16","Arctic Tundra",1975,-12249200.2790133,-31674290.33515,8558630.73521504
"27","Arctic Tundra",1976,-14254565.3354116,-34882152.1203998,8499276.84649096
"38","Arctic Tundra",1977,-15816570.2025651,-39527162.5928272,10138365.2370937
"9","Arctic Tundra",1978,-17187692.4864511,-44198547.6865993,12591724.084487
"20","Arctic Tundra",1979,-19095078.1106749,-48452935.0650741,14454521.1756843
"31","Arctic Tundra",1980,-20343354.8051341,-54176896.4720854,19780119.6249365
"2","Arctic Tundra",1981,-23169436.7222455,-60074067.0755151,22714095.6725099
"13","Arctic Tundra",1982,-25265156.6226559,-65328990.2409839,25665957.1187774
"24","Arctic Tundra",1983,-26706450.1424352,-70119117.9302212,31260478.752411
"35","Arctic Tundra",1984,-28343170.0325559,-76039188.1429684,35625231.2519378
"6","Arctic Tundra",1985,-29221589.9326261,-81015402.9990845,41288808.1190552
"17","Arctic Tundra",1986,-31298501.0883293,-86653312.7511324,45918983.7150132
"28","Arctic Tundra",1987,-32421334.785,-89737638.2241956,55350818.5607703
"39","Arctic Tundra",1988,-32508874.6168128,-93053824.1256183,62979775.7717539
"10","Arctic Tundra",1989,-33192064.0727202,-97494970.0618981,66548640.4676844
"21","Arctic Tundra",1990,-32630214.1983206,-98080136.06503,71096232.0797802
"32","Arctic Tundra",1991,-32158212.5739163,-94390429.1494675,64040103.4883976
"3","Arctic Tundra",1992,-33613685.7207379,-81464043.7453214,34805631.9674383
"14","Arctic Tundra",1993,-32934490.4425235,-83754754.3483052,35056467.2640176
"25","Arctic Tundra",1994,-36630602.8505386,-85713523.9137402,33631405.8671051
"36","Arctic Tundra",1995,-38635475.7867261,-86455856.6625257,31253355.2461353
"7","Arctic Tundra",1996,-41644971.0918272,-88195006.7000737,23377539.6862353
"18","Arctic Tundra",1997,-43173938.1634494,-89304971.6194442,22465255.7332066
"29","Arctic Tundra",1998,-45983080.0521985,-92389317.5100368,20543194.922594
"40","Arctic Tundra",1999,-47991627.2208641,-93550624.5413226,16668795.9632877
"11","Arctic Tundra",2000,-50415805.9232755,-96416044.3232149,15543750.3009282
"22","Arctic Tundra",2001,-53111757.4375682,-98374710.3504545,12689021.2948649
"33","Arctic Tundra",2002,-55181769.890977,-100638911.81058,9629392.03778156
"4","Arctic Tundra",2003,-58046691.2485639,-103315457.23774,9030922.75797407
"15","Arctic Tundra",2004,-60350117.3636491,-105523083.546788,5544446.17760261
"26","Arctic Tundra",2005,-62725494.5900406,-108107576.815179,2141259.85927879
"37","Arctic Tundra",2006,-64994509.42563,-113611486.619571,-1621417.70481376
"8","Arctic Tundra",2007,-67622605.5651305,-114064353.772292,-5042031.52875447
"19","Arctic Tundra",2008,-69061848.1105207,-117849899.175284,-3740714.97240024
"30","Arctic Tundra",2009,-70657632.5334996,-118916910.502839,-6170689.38638965
"41","Arctic Tundra",2010,-72729098.7505584,-121596972.102812,-6925279.04270372
"47","Arctic Tundra",2011,-74193740.1207978,-124461047.964523,-7733419.81124244
"42","Arctic Tundra",2012,-76416715.5495835,-126756449.08006,-6310866.6361251
"44","Arctic Tundra",2013,-80016264.2852744,-130015548.485713,-12914674.4023343
"45","Arctic Tundra",2014,-82487177.3347036,-133015113.48882,-13398371.6745772
"43","Arctic Tundra",2015,-83890536.7041492,-136248930.141097,-14417915.0452463
"46","Arctic Tundra",2016,-82499717.7235567,-133265464.454775,-5161917.34127688
"48","Arctic Tundra",2017,-83360620.0589805,-136594539.081149,-4151442.52087375
"50","Aridlands",1970,0,0,0
"57","Aridlands",1971,-306574.236164898,-7361388.7114396,7021839.86109291
"64","Aridlands",1972,-700150.107073426,-7606574.79624511,6329997.57942283
"75","Aridlands",1973,-1029056.30560988,-7926636.98569263,5839380.60109691
"54","Aridlands",1974,-1612193.86454564,-8420397.48633826,5262703.23821799
"61","Aridlands",1975,-2375564.65866244,-9381423.26172491,4630566.19219764
"68","Aridlands",1976,-3304533.68635851,-10511853.1249288,3708101.00839779
"79","Aridlands",1977,-4865121.93491894,-12655739.0646296,2493026.92253909
"63","Aridlands",1978,-6953414.16768175,-15311815.2555988,1029936.32798017
"74","Aridlands",1979,-9347146.00961816,-17955427.0443927,-868704.380565566
"72","Aridlands",1980,-11725683.0751127,-20433585.9202917,-2876231.2276457
"56","Aridlands",1981,-13898725.3481562,-22929149.8077166,-4979181.8838267
"67","Aridlands",1982,-16005627.3226145,-25109193.7809788,-7094390.87153415
"78","Aridlands",1983,-17840803.9658623,-26931296.7114972,-8716712.11136147
"76","Aridlands",1984,-19626788.4057727,-28758544.5649537,-10568407.6213104
"49","Aridlands",1985,-21342474.1436082,-30396232.0543083,-12070727.2114191
"58","Aridlands",1986,-23065060.37758,-32303228.8804152,-13715118.1764908
"69","Aridlands",1987,-24489458.3522887,-33943218.7011845,-15262166.9171756
"80","Aridlands",1988,-25813562.8814377,-35231016.8022479,-16688506.4200782
"51","Aridlands",1989,-27297491.2740683,-36756554.5947486,-17795698.5865335
"62","Aridlands",1990,-28486940.9449519,-37947855.5370365,-19201012.9986585
"73","Aridlands",1991,-29672252.0478369,-39581468.0887306,-20226913.4196745
"52","Aridlands",1992,-30809691.0601918,-40418463.4236809,-21328717.988495
"55","Aridlands",1993,-31768234.2388174,-41528615.2917135,-22293424.9215799
"66","Aridlands",1994,-32740243.0685018,-42664543.6716973,-23175410.6699713
"77","Aridlands",1995,-33663171.7245769,-43416504.8618488,-23857299.6801149
"65","Aridlands",1996,-34507942.2898404,-44453836.0406798,-24721787.1777899
"59","Aridlands",1997,-35282018.3217451,-45589421.4981232,-25420909.7387887
"70","Aridlands",1998,-35961795.1154092,-45991262.2934424,-26083411.2694397
"81","Aridlands",1999,-36506756.6594402,-46960154.140078,-26615036.090871
"92","Aridlands",2000,-37043415.8291261,-47415702.4348041,-27062141.1816709
"90","Aridlands",2001,-37543464.6924777,-48204321.641058,-27176381.0730958
"88","Aridlands",2002,-37891871.9833128,-48445557.1711612,-27603831.8227533
"85","Aridlands",2003,-38184400.1706656,-48867224.1417962,-27769751.0162894
"83","Aridlands",2004,-38390816.6065516,-49336936.4933157,-27851257.4932431
"94","Aridlands",2005,-38876703.8551612,-49777850.4020275,-28082961.9635484
"95","Aridlands",2006,-39155690.5106241,-50553315.8724262,-28042959.4935861
"53","Aridlands",2007,-39506881.8096984,-51143984.4493579,-28233760.5903921
"60","Aridlands",2008,-39648007.6345808,-51307471.7782671,-28125630.0027067
"71","Aridlands",2009,-39681962.2410656,-51798123.2600659,-27060515.8233022
"82","Aridlands",2010,-39725684.62983,-51902129.8475667,-26860655.9910392
"93","Aridlands",2011,-39455622.2035485,-51972092.8164992,-25713133.908754
"87","Aridlands",2012,-39053991.4439736,-51805043.8870759,-24548019.3605017
"89","Aridlands",2013,-38397967.0248082,-51543750.0086446,-23602918.3234919
"86","Aridlands",2014,-37696016.2783787,-51123264.2257452,-21069513.701616
"84","Aridlands",2015,-36805095.1063928,-50836997.3436155,-18718858.10194
"91","Aridlands",2016,-36098806.7011016,-50481104.6830186,-17041168.2721213
"96","Aridlands",2017,-35684889.6663623,-50159550.8563411,-16182175.6694096
"98","Boreal Forest",1970,0,0,0
"107","Boreal Forest",1971,-4852151.08190179,-62750501.4676552,55247890.8105032
"118","Boreal Forest",1972,-10553683.3516672,-68652434.1292586,47415026.9545692
"116","Boreal Forest",1973,-16719487.7103829,-73509099.3162145,41235697.4862663
"97","Boreal Forest",1974,-22466847.5234659,-82639069.0501649,36920212.0575171
"102","Boreal Forest",1975,-33197385.352977,-97619815.2335303,33673633.6668064
"109","Boreal Forest",1976,-44902160.7770226,-115776309.651518,28607358.5480716
"120","Boreal Forest",1977,-60557430.839884,-139056297.167883,20170322.3360782
"104","Boreal Forest",1978,-78107522.6745346,-164325415.07574,10423110.9481738
"115","Boreal Forest",1979,-100690746.699564,-192518040.058951,-1693308.17510972
"113","Boreal Forest",1980,-120736941.616588,-221321141.744011,-16486783.7322827
"101","Boreal Forest",1981,-143696653.776682,-248256572.50898,-37483239.2961695
"108","Boreal Forest",1982,-167227719.92237,-274572342.841607,-55887862.1041558
"119","Boreal Forest",1983,-187271303.036902,-297613451.858758,-77388614.644688
"117","Boreal Forest",1984,-209081792.366113,-322137105.783523,-91453275.8924641
"105","Boreal Forest",1985,-229952004.499668,-342503357.987847,-114602541.546305
"99","Boreal Forest",1986,-247968837.260018,-361403508.640139,-135522118.802291
"110","Boreal Forest",1987,-267718778.653477,-378426482.411233,-154392716.24937
"121","Boreal Forest",1988,-285687594.169497,-400650356.975303,-171397560.643894
"132","Boreal Forest",1989,-302202478.309019,-418268828.727436,-187641257.521346
"130","Boreal Forest",1990,-316574506.967166,-431779009.995231,-204984785.229684
"128","Boreal Forest",1991,-330079242.940626,-444720577.637417,-220093784.29645
"125","Boreal Forest",1992,-339529475.498257,-452118838.567387,-230146554.886888
"136","Boreal Forest",1993,-352039004.630384,-467112258.005224,-242810562.677784
"143","Boreal Forest",1994,-364017200.79257,-478110062.061666,-259172906.164121
"144","Boreal Forest",1995,-375735657.05687,-489143519.408948,-268486088.330154
"106","Boreal Forest",1996,-387212965.91045,-503746871.25391,-283548250.311137
"100","Boreal Forest",1997,-397387427.682133,-515501495.81868,-294463589.157378
"111","Boreal Forest",1998,-407762147.060461,-521585795.745303,-303004669.670137
"122","Boreal Forest",1999,-418026286.654553,-530104538.245892,-310368999.109102
"133","Boreal Forest",2000,-424563223.640042,-541426804.293127,-322135949.547502
"131","Boreal Forest",2001,-434960791.83154,-549918892.34886,-332240935.795594
"129","Boreal Forest",2002,-440746846.929559,-559157524.92884,-334995121.692994
"126","Boreal Forest",2003,-448363854.334376,-565323233.629204,-341152039.94032
"124","Boreal Forest",2004,-453956858.327124,-571380079.622808,-349152201.296397
"135","Boreal Forest",2005,-460301466.866333,-578424227.519892,-353779398.400043
"142","Boreal Forest",2006,-465618952.777522,-591072380.578691,-356211582.552685
"103","Boreal Forest",2007,-470876413.873013,-596452820.193302,-363307312.597958
"114","Boreal Forest",2008,-474223075.02141,-598133751.003112,-362923550.107333
"112","Boreal Forest",2009,-477443406.472213,-603352354.899514,-368789086.065804
"123","Boreal Forest",2010,-482564611.327196,-607712949.469428,-368930443.990968
"134","Boreal Forest",2011,-483290910.220293,-608215645.255964,-374511788.588465
"137","Boreal Forest",2012,-486049739.104314,-616432206.014544,-374423662.399588
"139","Boreal Forest",2013,-488313654.861251,-618916929.585225,-374345898.912588
"127","Boreal Forest",2014,-491197919.066756,-621188597.599791,-376840542.183954
"138","Boreal Forest",2015,-493621301.73667,-625645652.371473,-376545501.429844
"141","Boreal Forest",2016,-492479845.119153,-617720409.304612,-379455641.138384
"140","Boreal Forest",2017,-493813601.740522,-619841194.879971,-375424955.329191
"146","Coasts",1970,0,0,0
"152","Coasts",1971,21468.7301203012,-5787059.78209327,6153339.54986281
"159","Coasts",1972,22919.874228932,-5618215.49599774,6250393.77795402
"157","Coasts",1973,-56673.6244070008,-5560620.10871164,6036345.18420355
"149","Coasts",1974,-55139.6206814498,-5563885.27683172,6155928.70154361
"147","Coasts",1975,42750.0613504648,-5347705.83529262,6067143.86790748
"154","Coasts",1976,242475.970281325,-5311996.17665189,6233547.36823478
"161","Coasts",1977,369838.714968272,-5193565.29863117,6477107.69344228
"172","Coasts",1978,587206.711649612,-4970003.26162417,6785478.41259071
"170","Coasts",1979,799749.788636111,-4967370.08456743,7017036.48743542
"181","Coasts",1980,952724.061275326,-4805968.37649299,7346723.09556376
"165","Coasts",1981,1248454.26712642,-4788604.5927971,7839503.60049378
"176","Coasts",1982,1448996.32684485,-4834729.20274343,8250875.36512062
"187","Coasts",1983,1653178.84546358,-5071839.16014355,9035644.35994564
"190","Coasts",1984,1891983.26052079,-5417501.92984311,9797011.26520534
"150","Coasts",1985,1978133.25721485,-6161692.01122387,10601185.2579862
"145","Coasts",1986,1807911.8999007,-6988211.01847885,11139343.2846827
"151","Coasts",1987,1423416.18929395,-7759276.11243432,11633312.8282805
"162","Coasts",1988,893590.994175665,-8667834.00987971,12148230.3405165
"173","Coasts",1989,327991.364075735,-9658851.8612355,11734188.0206552
"171","Coasts",1990,-227307.766930033,-10369283.0603291,11949638.4576127
"169","Coasts",1991,-805780.863177821,-11200616.1699111,11497298.2798703
"166","Coasts",1992,-1448051.59873354,-11885889.9207081,11145988.6013858
"177","Coasts",1993,-1993686.04059706,-12497107.9734229,11166557.2689622
"184","Coasts",1994,-2625243.52381236,-13033698.829056,9764780.10287258
"191","Coasts",1995,-3294944.08606912,-14144823.6968042,9321639.99122627
"160","Coasts",1996,-3988459.42357293,-14730181.0490582,8684768.75562766
"158","Coasts",1997,-4512119.81568736,-16981761.2054785,7808863.6598647
"156","Coasts",1998,-5170070.00364208,-17925555.0570128,7050705.55249795
"163","Coasts",1999,-5617359.22020356,-18651854.983063,6416021.79609036
"174","Coasts",2000,-6029389.73415015,-17088197.4442978,6212824.69370254
"185","Coasts",2001,-6506078.63256992,-17605015.5715071,5444126.2756873
"183","Coasts",2002,-6757316.28822114,-18049535.5676198,5001382.83389057
"167","Coasts",2003,-6758049.28733851,-17865988.9990664,5225866.92697414
"178","Coasts",2004,-7112177.09649879,-18116797.0366683,4956173.71594175
"189","Coasts",2005,-7140685.00519925,-18276465.4588258,4653576.5745565
"188","Coasts",2006,-7464274.83204852,-18887810.7589003,4119354.07417128
"148","Coasts",2007,-7558951.77610022,-19066582.0392922,4056027.45498207
"155","Coasts",2008,-7598500.26667853,-19135938.4355638,3954438.00175015
"153","Coasts",2009,-7674978.23056471,-19269742.1535658,3922473.17764428
"164","Coasts",2010,-7490032.26378659,-19130439.749341,4239660.88289389
"175","Coasts",2011,-7484701.93921879,-19286441.9027128,4374570.82366254
"182","Coasts",2012,-7018810.03496257,-18689303.5648452,5355435.59571052
"180","Coasts",2013,-6729358.17327211,-18690390.4119626,5465724.02338702
"168","Coasts",2014,-6643366.15791408,-18922847.8731533,6514975.68916705
"179","Coasts",2015,-6324441.71910651,-18680185.8469965,7088052.76787112
"186","Coasts",2016,-6052814.85274542,-18258272.890153,8096013.1784041
"192","Coasts",2017,-5822262.35465688,-18248305.463691,8673449.5027947
"205","Eastern Forest",1970,0,0,0
"216","Eastern Forest",1971,-6737415.36168563,-18407953.6375423,5165877.88222136
"227","Eastern Forest",1972,-13812073.5042775,-25481162.4361789,-2163610.28508295
"234","Eastern Forest",1973,-21120777.2626249,-32445729.2407917,-9726178.20681705
"194","Eastern Forest",1974,-29591439.918149,-41119487.9662708,-17959286.2046229
"193","Eastern Forest",1975,-39749991.7384294,-51665380.1869093,-27992121.7869033
"195","Eastern Forest",1976,-50354353.5665016,-62563526.5894573,-38120193.160713
"202","Eastern Forest",1977,-60538450.8589375,-72977760.4722806,-48154622.8372752
"213","Eastern Forest",1978,-70266145.468438,-83125578.036455,-57821431.7831663
"211","Eastern Forest",1979,-79303597.7265185,-92466008.8113037,-66329679.2142312
"222","Eastern Forest",1980,-87272919.6816616,-100360242.811718,-74089654.6360538
"206","Eastern Forest",1981,-94462570.9086791,-107815448.997023,-81249718.1874749
"217","Eastern Forest",1982,-100490096.073562,-113918605.389414,-87373197.140884
"228","Eastern Forest",1983,-105726877.058577,-119298576.52443,-92340350.9960969
"235","Eastern Forest",1984,-110264026.148108,-123870671.725901,-96556727.7856198
"200","Eastern Forest",1985,-114116598.357292,-127919227.664056,-100506746.986638
"198","Eastern Forest",1986,-117458867.9698,-131308163.357102,-104103926.159886
"196","Eastern Forest",1987,-120747374.44052,-134564077.882519,-107023084.960025
"203","Eastern Forest",1988,-123579046.596215,-137728665.709633,-109693751.941927
"214","Eastern Forest",1989,-126431790.490166,-140755812.616072,-112115224.636424
"225","Eastern Forest",1990,-129079856.509117,-143200811.240464,-114965611.746629
"223","Eastern Forest",1991,-131828900.93793,-146464645.680836,-117475281.921179
"207","Eastern Forest",1992,-134763552.594849,-149241697.20343,-120449697.704228
"218","Eastern Forest",1993,-137359782.724594,-152434010.552918,-122724605.708279
"229","Eastern Forest",1994,-140369663.850734,-155144711.995421,-125133379.912306
"236","Eastern Forest",1995,-142794414.564953,-158003530.282966,-127519483.304117
"201","Eastern Forest",1996,-145006361.820032,-160908964.324456,-129383893.196199
"199","Eastern Forest",1997,-147138404.010527,-163057028.970823,-131298469.791984
"197","Eastern Forest",1998,-148583562.069021,-164517368.518226,-133011243.309326
"204","Eastern Forest",1999,-149887105.35577,-166272616.177095,-133977709.02185
"215","Eastern Forest",2000,-151003970.980899,-166766918.942923,-134471589.966614
"226","Eastern Forest",2001,-151253625.163992,-167742697.095282,-134793504.250333
"224","Eastern Forest",2002,-151916473.850321,-168361383.187547,-135342686.480052
"208","Eastern Forest",2003,-152630000.769622,-169176797.537016,-135792362.513002
"219","Eastern Forest",2004,-153279649.336949,-169891866.411873,-136543911.697995
"230","Eastern Forest",2005,-154211531.953784,-170684942.458591,-137277260.852291
"233","Eastern Forest",2006,-155722123.49214,-172421852.008603,-138278186.612799
"212","Eastern Forest",2007,-157183502.925845,-174455970.996061,-139746694.38622
"210","Eastern Forest",2008,-158741086.709165,-175782934.448117,-141509854.169898
"221","Eastern Forest",2009,-160469314.535465,-177882655.985219,-142953237.518566
"232","Eastern Forest",2010,-162097068.733822,-179607567.199738,-144691457.71294
"238","Eastern Forest",2011,-163429913.441981,-181098256.166891,-145758805.688234
"240","Eastern Forest",2012,-164383838.075561,-182272793.864084,-146477918.623835
"239","Eastern Forest",2013,-165405670.759181,-183480948.968252,-147118238.697651
"209","Eastern Forest",2014,-165900104.301499,-184143126.790424,-147812318.95217
"220","Eastern Forest",2015,-166383414.589165,-184599837.097612,-147764866.570114
"231","Eastern Forest",2016,-166580628.921683,-184778613.306275,-147888665.605952
"237","Eastern Forest",2017,-166605031.89594,-185535328.809841,-147751798.646051
"250","Forest Generalist",1970,0,0,0
"257","Forest Generalist",1971,3265584.3987608,-44301917.1965799,50381540.3765432
"268","Forest Generalist",1972,5597776.09303713,-41004576.3580141,52866519.0341689
"275","Forest Generalist",1973,6695824.77139187,-41248060.9103243,53627642.9927581
"244","Forest Generalist",1974,1651326.5730195,-48221535.4866584,52167109.6193987
"246","Forest Generalist",1975,-14231789.8226848,-70072821.7934666,40997964.4741957
"245","Forest Generalist",1976,-35009083.0089488,-93090898.6942868,23218493.4317015
"256","Forest Generalist",1977,-57052180.0056667,-119342732.792537,2874758.72202661
"267","Forest Generalist",1978,-78152082.7482066,-142441940.857887,-15441768.897228
"278","Forest Generalist",1979,-98895464.0962281,-161512503.61013,-33683201.8084347
"276","Forest Generalist",1980,-117982326.236428,-182368272.956823,-51034458.987249
"247","Forest Generalist",1981,-135427037.881959,-201384273.278488,-68900059.8994446
"258","Forest Generalist",1982,-151997059.825339,-217787359.914255,-86136569.9014161
"269","Forest Generalist",1983,-166573968.175065,-233604300.95756,-98251037.4385503
"280","Forest Generalist",1984,-180884532.029014,-247596046.628142,-113873791.507026
"242","Forest Generalist",1985,-194770526.675315,-260038574.641351,-127788846.581015
"243","Forest Generalist",1986,-207565128.985077,-273396031.484781,-140556639.842736
"241","Forest Generalist",1987,-221224834.988641,-285813267.538512,-153846296.781669
"248","Forest Generalist",1988,-232571534.491561,-298135001.302522,-166084285.439187
"255","Forest Generalist",1989,-245116101.016296,-311120243.403231,-180440072.889723
"266","Forest Generalist",1990,-258034973.192432,-322059483.038188,-192251097.395617
"264","Forest Generalist",1991,-268388503.429649,-332403405.025142,-202472676.575337
"252","Forest Generalist",1992,-280500328.849018,-343898239.283873,-216567078.168163
"259","Forest Generalist",1993,-292031505.25373,-355688347.526907,-228808448.644709
"270","Forest Generalist",1994,-302700149.715548,-365675658.162289,-239075307.008363
"277","Forest Generalist",1995,-314205451.106242,-378338453.382543,-251872897.749845
"265","Forest Generalist",1996,-324803128.747834,-388457891.282339,-263699730.639137
"263","Forest Generalist",1997,-336573959.849361,-398132491.428265,-273530694.309403
"274","Forest Generalist",1998,-347207326.880378,-409964758.036605,-284616890.182276
"281","Forest Generalist",1999,-357133820.135968,-421440494.868728,-295972714.481888
"288","Forest Generalist",2000,-368204215.440329,-429854427.209643,-305674816.523739
"286","Forest Generalist",2001,-377704593.262743,-440960948.56985,-316673707.260384
"287","Forest Generalist",2002,-387133805.987547,-449745127.659149,-328268081.343277
"249","Forest Generalist",2003,-396437085.126906,-459810401.154596,-336331328.174332
"260","Forest Generalist",2004,-405176198.417521,-467508691.212731,-343106632.659357
"271","Forest Generalist",2005,-412393645.705397,-475931419.380085,-351552581.33696
"282","Forest Generalist",2006,-421016948.673799,-483651858.479078,-358603404.279455
"253","Forest Generalist",2007,-427623153.324252,-492424841.807376,-365495858.063538
"251","Forest Generalist",2008,-434511134.000668,-499863500.367629,-371803731.426561
"262","Forest Generalist",2009,-440701760.876886,-505416146.180929,-377488194.559496
"273","Forest Generalist",2010,-447231132.443391,-511725990.887055,-384322453.175701
"284","Forest Generalist",2011,-453134961.264442,-519803294.679574,-390693279.530957
"283","Forest Generalist",2012,-459534929.765429,-525968103.575965,-395786004.615026
"285","Forest Generalist",2013,-464917246.657897,-530673578.812597,-400429865.417436
"254","Forest Generalist",2014,-469329233.449826,-537218959.197239,-403721581.14232
"261","Forest Generalist",2015,-474159625.512731,-542029073.127304,-407370237.773159
"272","Forest Generalist",2016,-478270061.28686,-545336425.528888,-410426834.594481
"279","Forest Generalist",2017,-482065136.078266,-551867314.010054,-414635369.586074
"292","Grassland",1970,0,0,0
"298","Grassland",1971,-20952713.2815478,-54778760.0364656,12899155.1919222
"309","Grassland",1972,-42288243.4265575,-74729265.0075443,-9433124.14318615
"320","Grassland",1973,-64892429.3916068,-96979056.8722888,-32789116.8080386
"290","Grassland",1974,-87835779.8331256,-121385021.34549,-55303482.5472301
"289","Grassland",1975,-113627344.748028,-148334673.241755,-77870998.0945748
"291","Grassland",1976,-140228687.601571,-176147075.910473,-103454043.9118
"297","Grassland",1977,-166340260.602362,-204877030.674092,-128794056.798639
"308","Grassland",1978,-192134412.306105,-230292197.771526,-154969304.323655
"319","Grassland",1979,-217280852.949285,-254872930.726628,-179604622.60041
"317","Grassland",1980,-239821993.629111,-277853653.412478,-202620246.93798
"296","Grassland",1981,-261725259.976122,-299399964.104037,-224445287.702391
"299","Grassland",1982,-281995477.457239,-320661436.370626,-244418970.09536
"310","Grassland",1983,-301402895.919713,-339572307.866245,-263852808.303409
"321","Grassland",1984,-320236473.331617,-358911527.578747,-282374196.809737
"305","Grassland",1985,-337826070.56161,-375851531.438417,-300210527.062795
"303","Grassland",1986,-354545764.485953,-392640319.329129,-317885424.666054
"314","Grassland",1987,-370991280.706962,-410259968.029591,-334100413.419124
"325","Grassland",1988,-387419718.655174,-425720400.231537,-350047313.694628
"332","Grassland",1989,-403053709.249186,-442457905.662354,-365635613.694298
"330","Grassland",1990,-419114830.797172,-457195446.524362,-381227451.094276
"328","Grassland",1991,-434716135.483488,-473050392.260217,-397204876.393807
"293","Grassland",1992,-450478622.912464,-488142090.194311,-412860133.24822
"300","Grassland",1993,-465800414.889492,-504380065.039383,-428512886.221023
"311","Grassland",1994,-480551188.865104,-519719902.768976,-443146468.091279
"322","Grassland",1995,-495538883.020773,-534376744.974349,-458949763.887594
"306","Grassland",1996,-510574736.548395,-549328994.095073,-471967097.712065
"304","Grassland",1997,-524618296.412455,-564311388.447377,-487055471.882486
"315","Grassland",1998,-537680002.508461,-577538959.01527,-499757561.185611
"326","Grassland",1999,-550966128.576573,-590786579.193242,-512270617.186078
"333","Grassland",2000,-563012031.620332,-602538950.969311,-524586704.087352
"331","Grassland",2001,-574441460.469189,-614093791.201617,-535491728.729094
"329","Grassland",2002,-585117925.889117,-626083058.23694,-546081764.48386
"294","Grassland",2003,-594956288.156323,-634580727.480348,-555891539.349919
"301","Grassland",2004,-604947967.66368,-645056035.832412,-565777804.807129
"312","Grassland",2005,-614589674.241948,-655243389.024101,-575155346.42516
"323","Grassland",2006,-624024374.692342,-666150096.670314,-583705820.845484
"307","Grassland",2007,-633240226.905272,-675886294.988451,-592583980.536924
"318","Grassland",2008,-642862831.56921,-685662911.436132,-601938752.251952
"316","Grassland",2009,-652144307.098403,-694937155.044374,-610887655.230585
"327","Grassland",2010,-661467783.777199,-705020829.274501,-620186031.123875
"334","Grassland",2011,-670819288.846402,-714321581.383642,-628344209.854413
"336","Grassland",2012,-679730831.979278,-723993462.110218,-637639576.25108
"335","Grassland",2013,-688123940.506616,-732855968.401849,-645464332.392616
"295","Grassland",2014,-696283772.480448,-740928347.754664,-653686238.893156
"302","Grassland",2015,-703890111.090611,-749315933.763425,-659868086.73458
"313","Grassland",2016,-710856337.806892,-754950038.801703,-667566730.30241
"324","Grassland",2017,-717849730.758936,-764748097.991035,-673891401.13129
"337","Habitat Generalist",1970,0,0,0
"343","Habitat Generalist",1971,-12707784.5837822,-42100064.4593272,16512576.7793096
"350","Habitat Generalist",1972,-25207913.6347959,-54178634.7486784,3191715.11564647
"361","Habitat Generalist",1973,-39855953.4036963,-68431238.6593632,-10649548.0868245
"349","Habitat Generalist",1974,-57029311.5523322,-86963273.4996085,-27681066.1055723
"347","Habitat Generalist",1975,-77762247.1594784,-108403964.297632,-47177241.3311759
"354","Habitat Generalist",1976,-100004508.291396,-131798029.983798,-68243689.1613012
"365","Habitat Generalist",1977,-123563725.654052,-155424110.933102,-90714000.2994801
"376","Habitat Generalist",1978,-146510527.818986,-179113860.824886,-113122995.732243
"374","Habitat Generalist",1979,-167975989.911689,-201620227.811805,-135153234.033527
"381","Habitat Generalist",1980,-188295208.318737,-223012263.877392,-154644301.276144
"341","Habitat Generalist",1981,-206217752.606855,-240052359.081655,-171993198.658445
"340","Habitat Generalist",1982,-222058320.357939,-255738307.458691,-188486958.32101
"351","Habitat Generalist",1983,-236291424.58595,-270486069.336523,-201848171.461671
"362","Habitat Generalist",1984,-249465466.489509,-283720410.120584,-214901105.907615
"346","Habitat Generalist",1985,-261056195.066565,-295759536.177863,-225885630.160507
"344","Habitat Generalist",1986,-272011259.447366,-306339035.839226,-237208885.797872
"355","Habitat Generalist",1987,-281767393.882126,-316603581.611071,-247282562.370705
"366","Habitat Generalist",1988,-291352860.615277,-326567455.69595,-256678238.082378
"373","Habitat Generalist",1989,-300683500.994908,-335217910.632854,-265404829.837498
"371","Habitat Generalist",1990,-308682926.421448,-343612729.721564,-273798812.336577
"369","Habitat Generalist",1991,-316441531.600074,-352478472.575436,-280404929.026099
"338","Habitat Generalist",1992,-323651643.827443,-359018884.226595,-288358326.74735
"345","Habitat Generalist",1993,-330681452.627039,-366970292.114153,-295193483.060472
"352","Habitat Generalist",1994,-337718767.691872,-373807911.257822,-300908367.208882
"363","Habitat Generalist",1995,-344535963.998498,-381649877.782892,-308438362.981126
"360","Habitat Generalist",1996,-352021412.186256,-388456442.605195,-314320685.327934
"358","Habitat Generalist",1997,-359161208.718922,-395542759.70023,-321990146.908686
"356","Habitat Generalist",1998,-366192757.474857,-402961115.46359,-328872221.334295
"367","Habitat Generalist",1999,-373311145.013281,-410561963.831499,-335930021.726917
"378","Habitat Generalist",2000,-379480276.430727,-416718926.389953,-341468368.003387
"384","Habitat Generalist",2001,-384926121.027793,-421680991.64511,-347154781.802242
"379","Habitat Generalist",2002,-389519747.864365,-427450110.459951,-352447784.906235
"339","Habitat Generalist",2003,-394072650.579253,-431589339.267917,-355760303.015578
"342","Habitat Generalist",2004,-397352734.355411,-435096177.255994,-359231497.872558
"353","Habitat Generalist",2005,-400930710.402716,-439005927.408637,-363165851.760027
"364","Habitat Generalist",2006,-404467714.025001,-443565396.483414,-366682255.555947
"348","Habitat Generalist",2007,-407467521.006052,-446875315.865028,-369109528.520333
"359","Habitat Generalist",2008,-410853776.017123,-449798342.364212,-372280717.914455
"357","Habitat Generalist",2009,-414654332.362332,-452920220.866557,-376645541.875323
"368","Habitat Generalist",2010,-417595926.760362,-456785869.676102,-378954903.474451
"375","Habitat Generalist",2011,-420639528.73449,-460293809.976593,-381324826.940219
"382","Habitat Generalist",2012,-422369687.857256,-461794325.930806,-382851114.154287
"380","Habitat Generalist",2013,-423494686.066505,-463497923.661861,-382403296.55623
"372","Habitat Generalist",2014,-423797363.414482,-464386355.612628,-382728299.08002
"370","Habitat Generalist",2015,-422465045.791108,-464050997.653027,-381156971.658041
"377","Habitat Generalist",2016,-421143074.654837,-463850850.768464,-378062416.705527
"383","Habitat Generalist",2017,-419258657.373693,-464183342.249038,-374510839.583914
"389","Introduced",1970,0,0,0
"388","Introduced",1971,-13873591.4384636,-46861328.6332692,19994182.8841378
"391","Introduced",1972,-27263737.3136575,-59975610.8702769,4388816.93003593
"402","Introduced",1973,-41287846.6293206,-73079916.8445081,-10370829.9752592
"390","Introduced",1974,-55217238.3849961,-86480104.2892523,-24556293.0755436
"392","Introduced",1975,-69242284.2642999,-101267656.203009,-38635521.9052051
"395","Introduced",1976,-84180811.5287426,-116401361.423328,-52914244.9230557
"406","Introduced",1977,-100067012.12174,-132535784.71501,-69326190.4744366
"417","Introduced",1978,-114718255.282591,-146754665.538122,-83794554.4649228
"415","Introduced",1979,-128544884.038461,-160071427.143298,-97910536.4154875
"426","Introduced",1980,-141213965.003983,-173717363.107494,-110079941.480367
"387","Introduced",1981,-153624618.658023,-186551835.469311,-122979820.483791
"394","Introduced",1982,-165998209.240307,-199016862.002164,-135439420.38023
"405","Introduced",1983,-178335798.382247,-211123708.177145,-146735047.318438
"403","Introduced",1984,-189889874.068081,-223553843.536256,-159139569.303801
"400","Introduced",1985,-201869899.714529,-235470005.089904,-169991324.995636
"398","Introduced",1986,-213579329.06304,-248224541.817564,-181579802.048911
"396","Introduced",1987,-225058582.674938,-260360547.534793,-192449306.547381
"407","Introduced",1988,-236553946.359936,-270840595.36654,-203581494.254504
"418","Introduced",1989,-247769455.015502,-283556125.651869,-214882509.845094
"429","Introduced",1990,-259085658.611525,-294900867.608485,-224916114.381388
"423","Introduced",1991,-269775035.084805,-305808052.059185,-236161541.240441
"385","Introduced",1992,-280227863.438096,-316896937.717253,-245849240.772149
"386","Introduced",1993,-290151735.713892,-327535024.953079,-254941765.203644
"393","Introduced",1994,-299785260.650623,-337710225.570579,-263727666.220979
"404","Introduced",1995,-308861095.018766,-346924034.655889,-272546667.755082
"401","Introduced",1996,-317183369.336858,-356274499.594807,-280020682.499051
"399","Introduced",1997,-325109782.043129,-364787824.248793,-287404763.511828
"397","Introduced",1998,-332202625.633713,-372543932.134799,-294576657.401317
"408","Introduced",1999,-339056079.090271,-379003835.874358,-300712319.928857
"419","Introduced",2000,-345303786.827642,-385888646.412521,-307019159.376951
"430","Introduced",2001,-351098681.316461,-392497508.383495,-312404810.084876
"424","Introduced",2002,-356919448.252478,-398348096.953047,-317637798.344623
"412","Introduced",2003,-362351028.31281,-404087966.390341,-322794876.611955
"410","Introduced",2004,-367588678.032673,-409721100.608136,-327128137.651792
"421","Introduced",2005,-372336673.875148,-414879030.323836,-331770788.472027
"428","Introduced",2006,-377023207.518438,-420314843.199353,-335814923.524935
"416","Introduced",2007,-381251432.298844,-425814694.694946,-340390739.967385
"414","Introduced",2008,-384982044.199223,-428636598.010137,-342420722.026929
"425","Introduced",2009,-387868419.101271,-431783487.613023,-345562450.933475
"409","Introduced",2010,-390580899.731608,-435059461.08587,-347481035.410895
"420","Introduced",2011,-392526012.642496,-437730834.742032,-348269935.090621
"427","Introduced",2012,-394193954.276917,-440443925.845711,-349441131.408038
"432","Introduced",2013,-394913935.651671,-442097907.521938,-349100406.649032
"413","Introduced",2014,-395384140.390014,-442614386.882994,-347368160.909822
"411","Introduced",2015,-394182687.162274,-443501899.234706,-343462357.857239
"422","Introduced",2016,-392929211.997836,-443586100.486697,-338600730.844717
"431","Introduced",2017,-390874617.036379,-443039810.254426,-332054348.537703
"433","Western Forest",1970,0,0,0
"438","Western Forest",1971,-1516611.73639888,-12588741.7587868,9569885.66612538
"445","Western Forest",1972,-3217695.93852371,-14046449.1948108,7521227.44689262
"443","Western Forest",1973,-5090139.33035702,-15581912.7365554,5410070.80537103
"440","Western Forest",1974,-7349554.17192388,-18329072.8156322,3728266.12660738
"442","Western Forest",1975,-10786628.2398424,-22678329.8467205,1231642.33361928
"436","Western Forest",1976,-15414270.1173125,-28483746.6988261,-2400328.35965925
"447","Western Forest",1977,-20663303.4915623,-34742878.2528305,-6626367.54885505
"458","Western Forest",1978,-26279029.0820765,-40910600.0927069,-11882570.2260415
"469","Western Forest",1979,-31896883.520799,-47041495.9874897,-16688224.4001763
"476","Western Forest",1980,-37184732.5771774,-52618063.3649623,-22401542.8646943
"434","Western Forest",1981,-42313337.5396505,-58242318.0225467,-26954999.7023243
"435","Western Forest",1982,-47002232.7209168,-63216087.1425301,-31775037.880564
"446","Western Forest",1983,-51562344.6473789,-67952535.3262787,-36162943.0613954
"444","Western Forest",1984,-56058614.9844605,-72563631.9165582,-40243684.5692677
"441","Western Forest",1985,-60196379.4172083,-77097161.2251734,-44087560.7629791
"439","Western Forest",1986,-64243060.5874954,-81209373.0165291,-48100276.6973623
"437","Western Forest",1987,-68113269.9354154,-84826491.3239821,-51688364.1950789
"448","Western Forest",1988,-71769296.4881706,-89316459.5136167,-55312686.4387705
"459","Western Forest",1989,-75457888.8949201,-92694907.1936974,-58752036.9992195
"470","Western Forest",1990,-78833046.5096642,-96559018.8742836,-62215815.7107622
"464","Western Forest",1991,-82400953.483209,-100311289.129116,-65447254.5230338
"452","Western Forest",1992,-85574814.710783,-103346663.783294,-68247128.3111691
"463","Western Forest",1993,-88551174.1611096,-106786136.791426,-71469851.2948171
"474","Western Forest",1994,-91624853.5325255,-110023150.448512,-74385707.012756
"477","Western Forest",1995,-94602969.5721255,-113291033.856281,-76879559.603985
"456","Western Forest",1996,-97455962.4662318,-115936657.312937,-79344840.441951
"467","Western Forest",1997,-100249640.708278,-119361802.780745,-81868611.0082197
"478","Western Forest",1998,-103002854.791573,-122439107.86877,-84714798.8957928
"449","Western Forest",1999,-105690533.756284,-124976725.974682,-86743624.6682001
"460","Western Forest",2000,-108164371.809157,-128292070.508465,-89556193.7381428
"471","Western Forest",2001,-110786942.301659,-131201276.474543,-91393468.1121546
"480","Western Forest",2002,-113066020.468135,-133320820.505956,-94011924.7027881
"453","Western Forest",2003,-115486027.708234,-136190676.42522,-95967327.6330419
"451","Western Forest",2004,-117992121.514495,-138717638.248467,-98045592.4176251
"462","Western Forest",2005,-120105213.560217,-141412710.620544,-99836216.3400427
"473","Western Forest",2006,-122524494.084533,-144280332.647141,-101971871.171636
"457","Western Forest",2007,-124647371.40088,-146496074.974195,-103720130.92728
"455","Western Forest",2008,-126532425.020625,-148725200.787818,-105322808.733665
"466","Western Forest",2009,-128546849.362282,-151124292.212615,-107079907.349378
"450","Western Forest",2010,-130110122.672475,-152657300.02408,-108694159.411367
"461","Western Forest",2011,-131779219.549142,-154397956.092223,-109509999.984989
"468","Western Forest",2012,-133319277.30899,-156962329.495089,-110819727.992862
"475","Western Forest",2013,-134818929.320379,-158256287.208222,-112366723.506071
"454","Western Forest",2014,-136120167.488374,-160011713.653791,-113434599.396049
"465","Western Forest",2015,-137378273.925383,-161334213.690648,-114240327.551207
"472","Western Forest",2016,-138625491.190658,-162129259.365791,-114685677.30178
"479","Western Forest",2017,-139506987.566504,-163733247.088108,-115992313.427787
"481","Wetland",1970,0,0,0
"483","Wetland",1971,-653576.423353225,-4456915.57690921,3151346.67116534
"486","Wetland",1972,-1336410.76816571,-4991781.72582915,2318559.56248677
"484","Wetland",1973,-1796097.7467159,-5473522.19772432,1914837.51468892
"485","Wetland",1974,-2100723.4584567,-5978513.54513068,1889728.69955762
"487","Wetland",1975,-2451902.41200808,-6571156.67499147,1714599.14088055
"482","Wetland",1976,-3164620.26497677,-7605133.47131703,1335201.93102185
"488","Wetland",1977,-4151428.23460928,-8897080.30044517,704834.062230263
"499","Wetland",1978,-5401239.42663243,-10569314.1637592,-321696.646470079
"510","Wetland",1979,-7106532.44894359,-12487187.6595435,-1659537.83962575
"521","Wetland",1980,-9135002.22987983,-14881151.6095724,-3648041.18842678
"492","Wetland",1981,-11188800.7961202,-17057375.2629554,-5556074.82285691
"503","Wetland",1982,-13204091.6646456,-19208459.01313,-7434089.34558502
"514","Wetland",1983,-15297674.894703,-21587484.2853691,-9339276.49055304
"525","Wetland",1984,-17319452.0733751,-23885541.5142877,-11054496.2367362
"496","Wetland",1985,-19223163.1171162,-25808815.2343774,-12811097.0705388
"507","Wetland",1986,-20965634.241366,-27584910.8505294,-14531303.9121787
"518","Wetland",1987,-22496071.9045048,-29400329.391189,-15805395.7217714
"489","Wetland",1988,-23683706.9251493,-30564900.6926241,-16757015.0841021
"500","Wetland",1989,-24551245.5899025,-31757695.9971737,-17594239.3658422
"511","Wetland",1990,-24771039.4534245,-32146754.056818,-17575009.0236949
"522","Wetland",1991,-24289949.0613272,-31560237.9160664,-17108783.7357798
"493","Wetland",1992,-23118095.1064803,-30582351.7331632,-15980554.1628525
"504","Wetland",1993,-21025871.4904494,-28586768.9794617,-13914642.3950916
"515","Wetland",1994,-18381294.8901995,-26178121.7210075,-10900406.6514636
"526","Wetland",1995,-15348261.7760404,-23176107.6149415,-7409017.55019104
"497","Wetland",1996,-12246379.5778613,-20590978.8998169,-4033143.34915945
"508","Wetland",1997,-10059960.4082166,-18484908.434114,-1650699.27877653
"519","Wetland",1998,-8923009.48206809,-17385843.3900287,-521474.312459912
"490","Wetland",1999,-9438924.64762935,-18129500.0853587,-802792.410062707
"501","Wetland",2000,-10692728.2676389,-19481210.9955483,-2179743.04325335
"512","Wetland",2001,-12254522.6714318,-20913521.1142327,-3399339.77173249
"523","Wetland",2002,-13555766.8851022,-22459020.2483178,-4665567.69019834
"494","Wetland",2003,-14223948.4444452,-23318476.5272131,-5017442.09989392
"505","Wetland",2004,-13873093.2410442,-22944944.2936326,-4259309.03888964
"516","Wetland",2005,-12343513.1073955,-21657344.8575644,-2500098.49753946
"527","Wetland",2006,-10055086.7325735,-19690553.1296572,55347.0492263595
"498","Wetland",2007,-6553229.39939734,-16267573.2630541,3989447.60802653
"509","Wetland",2008,-2728273.95525748,-12676574.9637029,8278849.54932277
"520","Wetland",2009,1406364.2720592,-9183094.25527217,12790118.6275663
"491","Wetland",2010,5139766.50176406,-5481704.73552422,16747440.9206158
"502","Wetland",2011,8229172.69571388,-2903688.48363285,20604774.361341
"513","Wetland",2012,10622161.7697753,-409394.967666666,23444115.2218666
"524","Wetland",2013,12653136.7334281,1281979.83588448,25935862.8444707
"495","Wetland",2014,14115024.6022367,2943313.68007777,25953093.3507006
"506","Wetland",2015,15907968.8279092,5089124.12294489,28425617.8356747
"517","Wetland",2016,18204795.5508587,6660971.52768958,31421533.535313
"528","Wetland",2017,20736115.0533213,7759721.80404806,36606639.8474885
