1,NA,NA,NA,NA,NA,NA,NA,NA,0.107951448341545,0.105964293206245,0.101236050175373,0.0935170429412899,0.0834954621987204,0.0726393748994581,0.0624364042224311,0.0533774653725815,0.0445863405772229,0.0346025261680646,0.0226852134964525,0.00941596751414908,-0.00385812370984351,-0.015955059695054,-0.0261849010106212,-0.0340994872379825,-0.0394295364528465,-0.0424396278944656,-0.044022965730611,-0.0450518023247256,-0.0456102616428035,-0.0451044650693425,-0.0431953226847573,-0.0404395007845122,-0.0379421787575365,-0.0365979123999127,-0.0368115040156782,-0.0386450560933815,-0.0417275003152077,-0.0449681921749267,-0.0469443223249555,NA,NA,NA,NA,NA,NA,NA,NA,NA,NA,NA,NA,NA,NA,NA,NA
1,0.00194175531944511,0.000333140258972458,0.000691290677615988,0.00170187481754636,0.00295615916149801,0.00691717113957426,0.00807015963459871,0.00932928574815382,0.0106945494802384,0.0186154850218469,0.0774123157987206,0.0779128406062116,0.0822059258180813,-0.0917351425735714,-0.261377226718637,0.0123648542188787,-0.0269210230134398,0.000236582430880736,0.248507567794353,-0.101816010133164,-0.130793081208669,0.369664263445882,0.111511319835499,-0.164540782652858,0.00506304759487216,-0.0610457239260494,0.0411522935294051,0.010971661225233,-0.00335982203028065,0.0760205636288382,-0.257802369436971,0.00131517142229072,-0.265619190484032,0.0468251569125693,-0.108738910923793,-0.0251365949320195,-0.111690924068168,0.0806464737997372,-0.202096906323625,0.0306257945445789,-0.0447043221306834,-0.0653994459857639,0.117781431624881,0.236811781884781,0.0810734081875575,-0.129526586284665,0.162085842257573,-0.0114883813479201,-0.0559926445830609,-0.128200090364806,0.0883939047106633,-0.0242743068538263,0.0244015323676237,0.0627018148853541,-0.33540600761548
1,NA,NA,NA,NA,NA,NA,NA,-0.0232911278132977,-0.0232017400742104,-0.0230082017315386,-0.0227068220691564,-0.0223046005885827,-0.0218308484011042,-0.0212919805186287,-0.0206659624044483,-0.0199469571480809,-0.0191349647495256,-0.0182268501310175,-0.0172100729814978,-0.0160950063308541,-0.0149495033582921,-0.0138497183000826,-0.0128380261641878,-0.011912239764008,-0.011041209279872,-0.0101892389203346,-0.00933371486098256,-0.00847297022803117,-0.00762147136174918,-0.00680137001323344,-0.00602017794209619,-0.00528817134301973,-0.00459743403360469,-0.00390602508956739,-0.00319259672470151,-0.00241037442947012,-0.00154070466547762,-0.000613427140709777,0.000309399624018436,0.00116865582756887,0.0019471549943636,0.00262413171715814,0.00319726228641015,0.00368430885144078,0.00412065624765823,0.00454623907877094,0.00498341580866646,0.0054213210903562,0.00582879360556932,0.00619203939063462,0.0064828933061698,0.00668606385834625,0.00680371804915014,0.00685799705607337,0.00687557317762044
1,NA,NA,NA,NA,NA,NA,NA,NA,1,-0.217065740846673,-0.116901219127163,-0.116901219127163,-0.158883346535817,0.380707276487995,0.0469687276015689,-0.271425135703429,-0.0282084385159422,0.524761226258986,0.00949755132308563,0.434678748622466,-0.226430898744495,-0.15593670073158,-0.0680526992282853,-0.00529917051633551,-0.00529917051633549,0.0263390479372995,0.0263390479372996,0.0269823291531112,0.156398487087874,0.597218809518087,0.0635574897746062,-0.47353267393404,0.128527317393921,-0.22430560095958,0.0182447494486444,0.0182447494486444,0.683540110310299,-0.222916568011129,-0.597801656503267,-0.597801656503267,0.0892718607161168,-0.00443219174010777,0.619280313679916,0.220385398565418,0.384669306279042,-0.514149174985981,0.02876952186205,-0.0263000268592929,0,-0.374651385671394,0.428426143643277,-0.268076715206045,-0.409756013343593,-0.0290531570417688,0.422241513966767
1,NA,0.542328409110373,0.254521952190947,0.234637477077155,0.203198594518913,0.160205304516116,0.322875833031451,-0.0884923662141581,-0.381527534397751,-0.269341981198834,-0.326224135462206,0.128876139617921,-0.17429362028791,0.0687149951135054,0.0163180160642479,0.0353599388048825,0.194111692126961,-0.196864922612335,0.342916815851646,0.00518583287454932,0.078522244070338,0.154320375716642,0.194076505177126,-0.31081772677063,0.0267255346808963,-0.026609423991703,0.0877071967387315,0.140301482370703,0.11450384543868,-0.200572519353791,0.144966449584326,0.118579928383299,-0.289852319811516,0.0115843691905784,0.0189883479885118,0.043965580222885,0.0786394474069434,0.104770338292975,0.111077573061991,0.101211070868386,0.12732350274882,0.0607658299832605,0.048437786944635,-0.0876620195923326,-0.0957143523526945,-0.102864395840059,-0.111806219856979,-0.120237371736922,-0.014296746064232,0.011302698611939,-0.218620396494108,0.324466714702167,0.114338089623191,0.0878984336801028,0.0588264018158996
1,NA,NA,NA,NA,-0.100343331887994,-0.100343331887994,-0.100343331887994,-0.653212513775344,0.176091259055681,0.0791812460476253,-0.0152925120143805,-0.0151162168788715,-0.0147636266078551,-0.0142347412013284,-0.0132419394768391,-0.0106832053229335,0.0150749525133345,0.0191524334421291,0.022508791166692,0.0181668788951032,0.0214416386718182,0.024924208630905,0.0277551014803989,-0.0285163918004259,-0.0278016459597664,-0.0280728096492877,-0.254388023380161,0.0165024135045716,0.184870848143307,0.133048911972217,-0.229027104445654,0.317711951839495,-0.401243423172536,0.190430317466544,-0.0534880357465705,-0.0283056924342799,-0.360850881005122,-0.107814192431622,-0.103536811515718,0.281307986304526,-0.224805005738753,-0.130056186761859,0.0943630594175339,0.202732846648345,0.187847272651181,-0.356892461966353,0.29619722830007,-0.0634133939853085,-0.0631483560527048,-0.0630158370864035,-0.172571175628157,0.793391216940381,-0.698970004336019,0.313619122972001,-0.0595856899842433
1,NA,NA,NA,NA,NA,NA,NA,NA,NA,NA,0.238560627359831,0.238560627359831,-0.121519024343147,-0.121519024343147,0.327800246060179,0.327800246060179,0.327800246060179,-0.201827369781214,-0.201827369781214,-0.201827369781214,-0.201827369781214,0.367976785294594,0,-0.238560627359831,-0.238560627359831,0,0,-0.367976785294594,0.544068044350275,-0.176091259055682,0.477121254719663,0.352182518111362,-0.490485216277644,-0.338818556553381,0.253222614896544,0.253222614896544,0.253222614896544,-0.618338691893161,-0.147453049486817,-0.147453049486817,-0.147453049486817,0.21298436613614,0.21298436613614,0.799340549453582,-0.0895897329349216,-0.495094033434317,-0.640625515356624,0.660051938305648,0.0434656937810904,0.177704347797832,-0.140859290390328,-0.152317059966403,-0.152317059966403,0.501442436136367,-0.283729685907337
1,NA,NA,NA,NA,NA,NA,NA,NA,NA,0.0593444062419409,0.0621489904204046,0.0623856117926785,0.0659959806623299,0.0746735310752882,-0.0595678218438388,0.392938194321808,0.0495148712423285,0.0627893536851367,0.077494866762518,0.0360027432162747,0.0331501670673472,0.22775687802466,-0.0267380110773716,-0.0196536942310411,-0.0427519129208849,-0.0558760531550766,-0.0602551437808986,-0.129434151123727,0.319625467654085,-0.136945753058381,0.074665927810416,0.154672870722375,-0.231075244914567,0.0261500431866899,-0.196345371653451,-0.0518844638241093,0.14607053300385,0.0473519285470051,0.0783665649949346,-0.00575232888909127,0.363820825523437,0.104137971213541,0.104137971213541,-0.0860577949872754,-0.346036489919068,0.154048208955231,0.338294103233023,-0.380514292736028,0.212402729871161,0.137220253578954,-0.320167548478291,0.0388300807612242,0.0388300807612242,-0.167820632377501,0.308292771105068
1,NA,NA,NA,NA,NA,NA,NA,NA,NA,NA,-0.22498774732166,-0.22498774732166,-0.22498774732166,-0.22498774732166,-0.22498774732166,0.397940008672038,0.477121254719662,0.285044675791259,0.285044675791259,0.285044675791259,0.285044675791259,-0.0978480155074339,-0.0978480155074339,-0.0868386108355701,-0.0868386108355704,-0.0868386108355702,-0.0868386108355702,-0.0868386108355703,0.869921623739289,-0.857332496431268,0.255272505103306,-0.213879819945081,0.0106363148457852,-0.228120259059692,-0.0299632233774429,0.258083482437135,0.834461725168472,-0.281102790495591,-0.00769274875137849,-0.500785172917456,0.627365856592733,-0.140289185184038,-0.140289185184038,0.250176533978278,0.245677812293773,-0.478874060955039,0.193659220837137,-0.0724542841758369,-0.166368688038087,0.107054515093805,0.0403847742417007,-0.123042971281902,-0.123042971281903,-0.222683513384084,0.493341413508453
1,-0.604231349433974,-0.100186180463415,-0.115342144263202,-0.0683509381022655,-0.0596967715965523,-0.329158073652799,-0.039552007520618,-0.217769430170226,-0.0384903001975981,0.049406921257673,0.388052160875744,0.225244687609103,0.264341325400949,0.0950597884701581,0.0743325187327432,0.115990100295033,0.112962938576861,0.196567310139756,-0.0366616281489548,-0.0771679239225398,0.0402993535448005,-0.177728590188784,0.0041353644739812,-0.0383216511647285,-0.109204011604991,-0.107719601478927,-0.0423599528665363,0.0634135284924525,0.0852606192276755,0.0883214246601808,0.132527765719064,-0.173862909787896,0.0767197447617855,-0.22632517732045,0.0953054264279918,-0.259717368688694,-0.192554204208997,-0.0807900482798248,-0.0950175587914919,0.0518106736763087,0.188608906813622,-0.0582575403395849,0.108613643186318,-0.376494848192252,-0.365112843343427,0.618865374508046,0.415743639458261,-0.225673115820898,-0.240227974403477,0.203065946069186,-0.467939601127865,0.381616832053618,-0.32741495942208,0.44475441449736,0.0488473446412664
1,NA,NA,NA,NA,NA,NA,NA,NA,NA,0.00295642602458709,0.00599214704258022,0.0111644315408339,0.0177829027489379,0.0264817499934067,0.0371318509327014,0.0465176623254643,0.0494000453311976,0.0417796662422566,0.0232381049432753,-0.00246529594325193,-0.028348875481124,-0.0474516897082828,-0.0572187151286575,-0.060509676763903,-0.0611054516731691,-0.0588566178286476,-0.0509057678777053,-0.0372240357122695,-0.0225978236228004,-0.0124430085017742,-0.00839747382795689,-0.00888052725214719,-0.012110450025301,-0.0167702412535933,-0.0207773568430546,-0.0217354890333834,-0.0191468966731239,-0.0151408607164459,-0.0125098747716701,NA,NA,NA,NA,NA,NA,NA,NA,NA,NA,NA,NA,NA,NA,NA,NA
1,NA,0.0818559360866307,0.0818559360866308,0.0818559360866307,0.0818559360866307,0.0818559360866307,0.0818559360866307,0.0818559360866307,0.0818559360866307,0.14181347016713,0.10274567071122,0.0900709777022674,0.039838313266136,0.0568073684667622,-0.00830459353873343,-0.0573616006760219,-0.0308602724060074,-0.0484035069236973,-0.013930722974956,-0.0416080598845917,-0.0425412158956386,0.111281760883932,0.0600920377662272,-0.129326260910337,0.113470033000129,0.148279647457583,-0.149308888584773,0.126560449196658,-0.0919243456503317,0.0333119895172668,-0.00681016934815962,-0.223539634750065,0.0188024874807774,-0.0258317087088972,-0.00615453144484549,-0.0357917159885211,-0.0602776625728032,0.100143166226127,-0.159825455355928,-0.317122337349682,0.425968732272281,-0.238560627359832,-0.238560627359832,0.857332496431269,0,0,0.156031465126714,-0.478250759860633,0.286503742467386,-0.645525685109054,0.302898863760509,-0.0634038023524135,-0.0634038023524136,0.0579919469776871,-0.301029995663981
1,-0.649426996696173,0.0859221730989252,0.121879420955936,0.036602295019717,0.0472872513716548,0.0558130965435441,0.182701532542714,-0.121038174266926,0.0569394299246475,0.0293749125159707,-0.0106229539130419,-0.127077896552717,0.00169603405066822,0.144908761635505,-0.000321795799214716,0.304284402919641,0.0730482554950128,0.0430424761266842,0.166191458867508,0.128960553568387,-0.0153820769576124,0.0780436531631122,0.156228729117706,-0.135902457749275,0.190956967409382,-0.0477870459623068,0.135408136134102,0.0398662179950685,0.156010447589888,-0.151375477435746,-0.0258576703594509,0.0493409529810081,-0.0336967535550973,-0.000358578061772945,0.0597595878916271,0.115082843166626,0.0181074821724563,-0.0102291287800245,-0.0657202751377104,0.0423805268342034,0.118229511960914,-0.0960721556865783,-0.0596068459828479,-0.0175850358050248,0.0177124537155467,-0.0669905990367689,-0.0249675415876145,-0.0934078091307661,-0.0129718407065998,-0.105178244339074,-0.0384182204708144,0.00709731734928543,-0.135366458903657,0.0105974363811849,0.0557796095454158
1,NA,NA,-0.0571607801287528,-0.0571607801287524,-0.0571607801287528,-0.0571607801287528,-1,1,0.0554064099859342,0.0554064099859344,0.527703204992967,0.527703204992967,0.0885621559813022,0.0885621559813021,-1,-0.508632574259665,-0.000964202743540208,0.155659381699116,0.155659381699116,0.430347009458301,0.054773400919479,0.506799254917774,-0.30479343275044,-0.76228701315659,-0.297748141963417,0.159224976304832,-0.22591623539577,0.451198303892064,0.527215919869461,0.401563503762323,-0.00552970150960371,-0.371903704056512,-0.320235361371094,0.0741578711510527,0.0669765859432324,-0.154608826035059,0.68210664658218,-0.330409945927186,-0.165661442623059,0.340284257565277,0.336122571848643,0.443547336106862,-0.699319930902844,0.484091516033611,-0.138434609557295,0.0294262616326616,-0.112979669116699,-0.180073718012679,-0.170490140613239,-0.561133712455427,0.879833610997729,0.0895814378627474,0.225804990727379,-0.437081918051284,0.460702030014736
1,0.0455335772632738,-0.0411118790297621,0.0641874576703672,0.0202831844661836,0.06173698140068,-0.020201980686284,0.0302788319950605,0.0347227538579783,-0.106730918950764,0.00773497477345067,0.11269194834455,-0.105887192524806,0.126051123251943,-0.0588623598590826,-0.0394131065764527,0.0420300272021554,-0.046171519605086,-0.0651096127534474,0.00692586503281295,-0.0422549536038355,-0.0243738867208192,-0.00122694144362565,0.0223117559254381,-0.0189413269744011,0.0831710245807103,-0.0100378732119147,0.054445116728566,-0.0461541066712278,-0.108535297567911,-0.0372224789711965,-0.0130034887257235,-0.0446919841429883,-0.125170649750018,-0.0351973654000461,-0.12616798749741,0.0845277113171858,-0.0114379605951013,-0.0688419849483622,-0.0877125895510402,0.0587998710945749,0.132309204041706,0.035484968657376,0.0106543755617519,0.0211053261484447,0.104106023059256,0.0327075405592746,-0.0711441962663664,-0.12279481229956,-0.115217808178479,0.0349678719876354,0.164808767440141,0.0756215516277815,0.0195438820229066,-0.131319912960854,-0.259160860482424
1,NA,-0.0129986090889083,0.131567283423201,0.131562332511323,0.131554906143506,-0.186783441485727,-0.164865354909424,0.0524238682268619,-0.211088455117167,0.00607756213980892,0.128727011653694,-0.0800023969818333,-0.00108287885931778,0.133206740284123,-0.0358155885106479,-0.0503614797156669,0.144057681250039,-0.291103989924722,0.354628924033642,-0.250164471473332,0.145786248895809,0.139768179134564,0.246579822338377,-0.174429148505184,0.0335050920343566,0.0815456652551242,0.0966842858049286,-0.00740247627511068,-0.0522215669448154,0.0630100281905191,-0.16930105070406,0.029393234491291,0.00555239290364376,-0.117343326850627,0.012333386055831,-0.144566630923071,0.00784686771907753,-0.0212568393055268,-0.100277101409268,-0.00556940860770681,0.13449526045629,-0.269050103661017,0.205082907909635,0.133947001549964,-0.028715300624121,-0.123646632224989,0.131166728431559,-0.0469241981079404,-0.00136916377263727,-0.0434280739965905,0.0599827425836777,-0.0210734139601374,-0.04005992738733,0.0456089250243985,-0.0432583232696716
1,-0.160153660574029,0.194635341506984,-0.103993462982244,-0.0197819986761263,-0.0320542288526851,-0.0474518221267133,0.0588005303279099,-0.134976675152036,0.0250631716926862,-0.0531703075036552,0.0657969859730253,-0.0664144430669405,0.15404725040858,0.0918239773776003,-0.15326799466182,0.180344616912738,-0.0503379010249262,0.0173590491081587,0.194602095553236,0.013600681992039,0.0999147745462555,0.13423594095242,0.104434951601279,-0.0452886667001085,0.0614898281212792,-0.0456877751765459,0.0720239911091607,0.132309231446586,-0.0137606588880398,0.0116735213633505,-0.0577585093351109,0.0230919464623509,-0.051369574006422,-0.0539010434098106,-0.0421348163214795,-0.00745143291120484,0.076263177135793,-0.028152612090476,-0.149989505805521,0.0832651479860171,-0.0494969309029707,0.113470404638275,0.0709214112999641,0.0733643835770877,-0.129619647021744,-0.13370553494526,0.130417189035905,-0.265176476098074,0.0367864291748158,-0.0799286003347232,-0.0149917507892186,0.128331755588922,-0.0988775993519677,0.0687364756048303,0.0139750997144817
1,NA,0.153356804634623,0.0704784480503924,0.0703624786852789,0.0701305399550484,0.0697826318597047,0.0693187543992458,0.0687818896637924,0.0683707816802313,0.0682389960503022,0.0326931710546779,0.0330573597394785,-0.200341414119445,-0.168157327117874,-0.316930790492597,0.328233349502557,-0.31656704918891,-0.103219993539507,-0.0344178088831214,0.231671065343897,0.159283144630631,-0.156067216641208,0.207112727062548,-0.0301289334032921,-0.0277643861575492,-0.0259347351600721,-0.0238329071841295,0.113859369289547,0.0948861385255104,0.0670079137090955,-0.0906711459197573,0.197391501871354,0.00363258825182607,-0.161447723789626,0.13202834741069,-0.10710736507459,0.299598580793187,-0.0364734332815344,-0.0102561420392234,-0.0266508369735936,0.0912645768750103,-0.00253323241205712,-0.00417679148154743,-0.0843028179245157,-0.00931707901121761,-0.0627190677073391,0.00135488432228341,-0.0572005266065854,-0.0720682993019822,0.0463068843121332,-0.0315596249440534,-0.0321225349193272,-0.0331886373307041,-0.0126945040550945,-0.055552977302398
1,0.025157306483589,-0.487546908292243,0.178904568404249,0.00980101348464144,0.0095449252863818,0.00922625400754542,0.008844999648132,0.0084011622081417,0.00789474168757467,0.00732573808643073,0.0054450617478391,-0.0846846179714673,0.15133394148505,-0.17639888968107,0.0666303273524242,0.150687429758287,-0.102354693894246,-0.0937391160290906,0.287613801875429,-0.231545303313351,-0.0710697102419482,0.296619126222442,0.00444382654628517,-0.0792189684957592,0.0942874070652006,-0.172717890682158,-0.0767319538364517,-0.0670694760171672,0.282753073168472,-0.067037634575572,-0.267034856265747,0.0495509850255241,-0.173344038772915,0.0423656383561691,-0.0589558017470507,-0.0677605132066172,0.289882943564606,-0.204463135313771,0.20106031220319,-0.00564253157462095,0.00654515338427113,-0.0217921515715868,-0.0302377265000333,0.235647983483282,0.349615666650827,-0.305261032624715,-0.147946189883041,-0.41949616136151,0.355322010888186,-0.13336140590381,0.0106799441406111,0.271969634670578,-0.334085288802133,0.104124013438297,0.337697570696714
1,0.107074984747992,0.0303520986469597,0.0643409002770056,0.0451207142383966,0.0451449950693449,0.0452166914901564,-0.193179806502116,0.154632994316371,0.0592639633554676,0.04086116720024,-0.116139302722788,-0.099301163828342,0.131863378925759,0.21876982005542,-0.135163555265048,0.174813869615318,0.0873189584873659,-0.0051788667922209,0.0716936327866603,0.0496606985891548,0.0533560415067953,0.145645906628035,0.103789215400967,-0.0799860815461026,0.0017476170933129,-0.0161025856107075,0.0934029893536679,0.00697514357027866,0.0798866830522712,0.00399678796279593,-0.0754753622267666,0.089122092504317,0.00740895208854593,0.0318283798888436,0.0166794773605599,-0.0312926180022761,-0.0237551148271974,0.0419565214912462,-0.0515279130187301,-0.317882840834586,0.244192219155792,0.0331328050589743,0.185396699313517,0.0862416277479684,-0.341915461688196,0.149920817364673,-0.237251099874405,0.0510777383519136,0.0644814173016767,-0.0970221676267656,-0.0902290589650933,-0.143352834570037,0.131886209661525,0.0750587706427938,-0.09558845189391
1,NA,NA,NA,NA,NA,NA,-0.108322858884237,-0.0817451197768033,-0.0300349250629103,0.0410265912539924,0.117982156624994,0.152783814851969,0.035674948204491,0.0183867323362445,-0.0111132077687336,-0.0428213312771767,-0.0408775724278987,-0.0121436924811001,0.0297041755453122,0.0513940172238943,0.057077453700276,0.0651248372143776,0.0626386694275687,0.0267574229874857,-0.0208076997363908,-0.0265723104677673,0.0199082402480485,0.05834003428885,0.0339282731378645,-0.0249887783014851,-0.0424228699965005,0.00238311863861101,0.0492045528702011,0.0404037026442786,-0.00739863151042918,-0.0388515156300964,-0.0389142765190385,-0.0385164843032823,-0.0506167651476906,-0.043369847699077,0.00817730120824065,0.073670021254113,0.0989152024467776,0.072509749816649,0.0330522846820783,0.0139178043210151,0.00683954922161933,-0.0100784654105321,-0.0300512191582427,-0.0251307348427214,0.0100275226674152,0.0425899261160493,0.0375659453479861,-0.000813092645188759,-0.0344593277253693
1,NA,NA,NA,NA,NA,NA,NA,NA,NA,NA,NA,NA,1,1,-0.748830978463678,0.140436726254244,0.116355848267343,0.116355848267343,0.116355848267343,0.116355848267343,-0.317748619392145,-0.186428827970299,0.488861802644424,0.182717760403805,-0.307112949191498,-0.548466084879679,-0.403466325741273,0.414524190298365,0.88357793304109,-0.550460268665776,0.181535930270745,-0.31766889500282,-0.26207710361529,0.505179225709128,-0.157697977741151,-0.216968830971778,0.399202247445557,0.676400145808758,-0.363145871620581,-0.725132008273618,-0.375328093402295,0.5416462455361,-0.4583537544639,0.873550465682494,-0.949727851168425,0.684375809772277,0.185074541351745,-0.216365533465826,0.0904005710293854,0.165774695458302,-0.650941956527139,0.591393673267306,0.591393673267306,-0.663443950643461,-0.600546040189939
1,-0.018093100188235,0.0489672771996276,-0.0859118663092454,-0.0422017059478304,-0.0205852396421219,-0.109085253043891,0.108432818500977,0.0568565028447544,0.079503997646112,0.0247420010298523,0.134786624714068,-0.0341760736532817,0.16607186209535,0.0903963169478052,-0.0704878878103941,0.0402209675200151,-0.0180722755356962,-0.115409256895885,-0.143553110551931,0.0966830948435281,0.089905945100419,0.227369079197682,0.151483290222728,-0.16099839390393,0.028063166688614,-0.0108330922913143,0.00518182220438124,-0.109506330405125,0.0364454963593407,0.248786561792595,0.0183545353126028,-0.215764649041907,-0.193328346640383,-0.17821426712779,-0.129695956171941,0.131019965029868,0.00523491274713628,-0.200384909046772,-0.096304813459526,0.0892690846515434,-0.127115896775027,-0.0961477102122712,-0.0813125295895741,-0.0257344624395264,0.0162361207787605,0.0407768297428084,-0.00881362355396981,-0.0223456869643858,0.122723257096775,-0.0338055198525816,0.277339628577747,0.0790789274939977,0.012038412571636,0.0433037360600278,-0.173006361058068
1,-0.152758537898865,0.300650689384507,0.36046920891924,0.181694863988904,0.0948063945983312,0.000146241139523184,0.101193427608795,-0.136916890470526,0.058510536302541,-0.0288779693390349,0.021699945643108,-0.186300035502272,0.188286193205971,-0.0158157223751401,0.038306459921125,0.122034084631445,0.0046191570487594,0.0790528678534644,0.127723360100572,0.0271428301636725,0.0503378922940419,0.0331478040528732,-0.0151034270517816,-0.0709502630005019,-0.0648093988575803,0.00191588749898804,-0.0617853767532434,-0.0362215436610062,0.0375168911501519,-0.010963430316638,0.0201103766839621,-0.048808281385481,-0.0701725277113597,-0.134730216125743,-0.0784065241089001,-0.0480954510555045,-0.0174899428899581,-0.0950076684339268,-0.117040120790191,-0.00217635231681558,0.186739103376335,0.0165260709493648,-0.0138297091431686,0.0929633651733629,-0.0531453768583308,-0.0314989029949972,0.137473889796194,-0.137252656191319,0.0312576103844616,0.130421008388204,0.125594217576853,0.0682094710641885,-0.0859368032786167,0.0714795944797747,-0.117147199061036
1,NA,-0.0422456935235118,-0.0651456615256762,-0.0651456615256762,0.129392151070235,-0.259683474121587,0.0184677762620564,0.0898015280464217,-0.171637844593746,-0.0540801896628326,0.0830711949840352,0.116039982151677,0.133281891002416,0.051547416199469,-0.0565669732808567,0.0953776264495875,0.0677330277107392,-0.231986729893588,-0.0504775583075779,0.248171484417892,-0.185548910883766,0.158794613029628,-0.118416539988975,-0.117096240580127,-0.0138706245233396,-0.104879708365091,-0.0109798660119384,0.170878854397776,0.148187763426374,-0.294607918128232,-0.20610454445671,0.119737153816739,0.317554318101608,0.205057088079077,0.116223740558098,0.0432041329785614,0.089513104403371,0.0621389915341105,-0.0197461376766274,-0.00333920799567727,0.0502454214237358,0.218434190333257,0.18353542072708,-0.186679794048614,0.193970550538958,-0.388839656904765,0.0950776918626356,-0.232508450391451,-0.0233219652618758,-0.356299028130421,0.23660275133091,-0.250825361839071,0.0549406319714952,0.00661225924945841,0.366737648795802
1,NA,NA,0.805942476439192,0.805942476439192,0.805942476439192,0.653809144536465,-0.720491369577958,-0.720491369577958,0.41920997914221,-0.290951921442361,-0.0285037350467295,-0.0286396042602711,-0.0289113426873955,-0.029275999974112,-0.394726811170829,-0.0901277251749724,-0.0748078920187708,0.0614338914549794,0.00564652427771019,0.0234717755630841,0.0413340374285889,0.0578166111385102,0.072347013108286,0.0836003051282286,0.089118688872912,0.410970247514422,0.021726209635087,-0.264449290254558,-0.303649911057104,0.34299071113843,0.0255972055697063,-0.0791488436253868,-0.0943299885901799,-0.386042931080732,0.276855921452033,-0.195618803756587,-0.180595898600154,-0.347723050598711,0.131195284542547,0.149812981004143,0.16298944954155,0.0900891755759649,0.0568141735536925,0.242661069577902,0.365678172279101,-0.304405694274884,-0.136741759324472,0.368690417053584,-0.293193454221685,-0.29031863040592,0.376492310642179,-0.284298104639219,0.211939379848411,-0.173262682589397,-0.200981636381992
1,-0.0158291895346013,0.0590649422063083,0.0537935468124082,0.042194945499838,0.0319867388909283,0.0250594706644652,0.0345899581798189,0.072512400083818,0.0744190577847459,-0.0311130162174247,-0.000977120658384616,-0.0275323761759325,0.0730214958003433,0.0684839436815059,-0.038549293471118,0.0820078929709723,-0.0319998558940218,0.0196016812099759,0.0176895821455301,0.0539397859154197,0.0493840949361843,0.00911911545328989,0.0557024634238445,-0.0333861365153284,0.0053706977042589,0.0830729010925102,-0.0344620480375014,0.089217827148427,0.0298729248041586,0.0303705635311645,0.0535473452648631,0.0213704019202496,-0.0225285361397038,0.0500133781472283,-0.0798193944159531,0.00406497313459444,0.0308406574299447,-0.0755064535337473,-0.042691927792656,0.0499436264237115,-0.0756267768955404,-0.0359355585187591,0.00546041632409046,0.138960762134848,-0.186948193790455,0.0157777483963024,-0.0032378652242923,-0.129564389949472,0.0903842188798438,0.0295678159578149,0.0139097754023829,0.0321972185771878,-0.00576169907209292,-0.0457605877183842,0.0725063737927181
1,NA,NA,0.0401611926909062,0.0346139671772013,0.0238701064215177,0.00976791548910905,-0.00527805389654551,-0.0193187727268692,-0.030954114183371,-0.0393438025748717,0.0538493561012019,0.0429552748298587,-0.161301213381925,-0.164541705678222,-0.101792734878251,-0.0855254998685144,-0.0686555311273085,-0.0270937176730715,0.0145440758612415,0.167690852340773,0.138817674434772,-0.131244866747409,0.085847907429966,0.0355050281004248,0.0224923515051346,-0.0178417167637183,0.0292332234792998,0.0641433639668994,0.0774227645952948,0.191517521552925,-0.0948521298989455,-0.119062928674358,0.211960403265223,-0.229795802249692,-0.169437292225883,-0.150147808019745,0.146795559417322,-0.0442153123885764,-0.048143374884483,-0.0249605475479423,0.293971189839959,0.0654476110776659,0.0622175124122209,-0.0527474372209994,0.115806216300388,0.0454046510826072,-0.00779316473941363,-0.0262230843973696,-0.198469662454987,-0.0348511380367003,0.00284718887544742,0.0267689281398622,0.0114731615866388,-0.0359912061594403,-0.203827916920647
1,NA,NA,NA,NA,NA,NA,NA,NA,NA,0.0958717679750136,0.0926445975272528,0.0882619228620248,0.0836873394090155,0.0763298721183385,0.0633944586614777,0.045892016311341,0.027250304010267,0.00916809192686685,-0.00917084580852601,-0.0285542971576466,-0.0483950094645325,-0.0674136079082611,-0.0835673215708479,-0.0935937656479893,-0.0953682383748107,-0.0916369587590527,-0.0888919962943436,-0.0902480901760351,-0.0904101309113232,-0.0798904871299928,-0.0543868737503038,-0.018930420955014,0.0167249384151737,0.0450583146555269,0.0632638617653908,0.0716382201708264,0.0721647888629615,0.0685603203468414,0.0653780761112147,NA,NA,NA,NA,NA,NA,NA,NA,NA,NA,NA,NA,NA,NA,NA,NA
1,NA,NA,NA,NA,NA,NA,NA,NA,NA,NA,NA,NA,NA,NA,NA,NA,NA,NA,NA,0.0648460913901221,0.0648460913901221,0.0648460913901219,0.0648460913901221,0.0648460913901221,0.0648460913901219,1,-1,-0.720159303405957,1,-1,0.865077042485099,0.0311735199765391,0.229674087128313,-0.562551450044289,0.298324102288057,-0.734967657607537,0.9622114391106,-0.397940008672038,-1,1,0.0443981952979506,-0.39669560847019,-0.396695608470191,0.58888986797088,-0.0322557180985836,-0.725454372042515,0.919694123677206,-0.587040120654316,-0.322052805513172,0.90631123343824,-1,0.322128835561209,0.322128835561209,-0.70826008010625,0.861550555935413
1,NA,NA,NA,NA,NA,NA,NA,NA,0.187692866807653,0.0985265809500376,0.124725267940084,0.0874971101130319,0.0534061569348882,0.0475024345421961,0.0753822409131401,0.113313263843307,0.123472196218281,0.0849258407767312,0.0153300070503228,-0.0417359599892963,-0.0582312073166233,-0.0486003005525979,-0.0469897096773091,-0.059906388518501,-0.0579129642626218,-0.0225904358149954,0.0151131450208327,0.00640222904914466,-0.0480447983329298,-0.0873788421927322,-0.0592864621981472,0.0173267932501346,0.0758423352498366,0.0781795062149279,0.046472773444129,0.0217360945347764,0.0162656277822946,0.0170731254149884,0.0159596797460386,NA,NA,NA,NA,NA,NA,NA,NA,NA,NA,NA,NA,NA,NA,NA,NA
1,0.0218252890371355,0.0332434458904828,0.0038932166408746,0.00401118517732073,0.00428235349908176,0.00473487178836647,0.00547823653490107,0.113113694645159,0.120830210048624,-0.0302543790085952,0.0158619770593758,0.0594620509675368,-0.0154867982868601,0.0901410177236205,0.0269484816284242,0.0140340467605471,0.087250081490652,-0.0465163280741792,0.00737424210784517,0.019740056858451,0.041147979312036,0.0251669180706613,0.02127506949184,-0.0230681157474601,-0.0125435431703359,0.0543661544247185,-0.0232923458219098,0.0843633257018401,0.0301874875422431,0.0525709291068429,0.0229069434065832,0.0281607593319063,0.0222215969191826,-0.0226599465364277,-0.00325348887917042,0.015824444125522,0.0124061108000612,0.012513152543514,0.0499521254008296,0.114281242138876,0.0635542489594525,0.1024896251815,-0.0221360914550572,0.00268457537703068,-0.0267154243349532,-0.138664932616993,-0.192479385179272,-0.0876869339363027,-0.268792191318709,0.0928211290491189,0.140514832734747,0.0409531684518027,0.146291026415535,-0.0039881040538036,-0.113743419546684
1,NA,0.049383673852152,0.0379280412950755,0.0379156547474426,0.0378908816521828,0.0378531097069764,-0.0666404802700451,0.0538044969317052,-0.0210215488654396,-0.0207127399503002,-0.00522069935099322,-0.0798453722757751,0.0628581334068402,0.162866570309829,0.21983282582753,-0.266308552548403,0.0765832357944481,-0.107513067412906,-0.02441911245427,0.0214456829022194,0.255908462927528,-0.104208944685891,0.04794083015899,0.0694882354684655,-0.086991486243468,0.000274804636026506,0.0352652618068959,0.121819392276845,0.130142228418486,-0.0186006213949246,0.189113242622346,0.173866808434262,0.102094872213408,-0.175242329312577,-0.16725049424619,0.0237831487136022,0.0574647068170743,-0.0363518356502355,-0.199167591738526,0.0148907807837623,0.307475104670519,-0.0661250775811173,-0.134154212117791,0.0988736569227215,-0.209618972434553,0.188080469892862,0.0168074909162625,-0.157657187434994,-0.148759111030452,-0.0615756826416965,-0.0387489133763245,0.118734266956587,0.00155754225694857,0.339271327448432,-0.254677943376977
1,NA,NA,0.0581446290910825,0.0581446290910835,0.0581446290910827,0.0581446290910831,0.0581446290910845,0.0581446290910885,0.0581446290910952,0.0581446290911028,0.184215645646794,0.184215645646798,0.266986182799952,0.266986182799958,-0.591150402133572,0.131991871332854,0.167907712994354,0.270621379894406,0.0128268266675084,0.461821336360213,0.324887721993517,-0.00108333914929579,-0.0664280516345501,-0.184406600166325,-0.147207577223387,0.220908801022681,0.300530141172044,-0.356663825253564,0.802477427706128,-0.605017293719687,0.0346429621476907,0.134770558111874,-0.644880392175747,0.368201311490625,0.441488696284941,0.159066235315141,-0.0974245293159982,-0.295334584611952,-0.371376340782081,0.428623659217922,0.283362217011623,-0.0243608129876248,-0.375585396001211,-0.135567795191653,0.255280706696218,-0.334314798391149,0.663906547984167,0.0788192712531646,-0.128743228610847,0.627542350673406,-0.128059975765817,-0.47064457248282,-0.387670744022315,-0.225959649340408,-0.187886996690489
1,NA,NA,NA,NA,NA,NA,NA,NA,NA,0.0413681318001669,0.0413681318001979,0.0413681318002765,0.0413681318004046,0.0413681318005704,0.041368131800774,0.0413681318010404,0.0413681318014079,0.0413681318019089,0.04136813180257,0.0413681318034129,0.0413681318044283,0.0413681318055419,0.0413681318066263,0.0413681318075744,0.0413681318083607,0.0413681318090247,0.0413681318096036,0.0413681318100991,0.0413681318105065,0.0413681318108433,0.0413681318111292,0.0413681318113556,0.0413681318114927,0.0413681318115364,0.0413681318115205,0.0413681318114855,0.0413681318114487,0.0413681318114137,0.0413681318113918,NA,NA,NA,NA,NA,NA,NA,NA,NA,NA,NA,NA,NA,NA,NA,NA
1,NA,-0.356944329514551,-0.2231346377535,-0.0120424111524344,0.161516117293362,0.270691762580307,0.315484524707954,0.295894403676624,0.211921399486291,0.0635655121368234,0.0510707920528236,-0.0130752322965318,-0.0666089605771327,-0.0990519914122109,0.0711763487750863,-0.0636997107479174,-0.172075564789198,-0.143036688543221,-0.119529143610627,0.030262462419682,0.0389076890830482,0.0374303873568741,0.0335695496927845,0.0352562795973152,-0.0139557687313008,0.145374556200643,-0.108323883420474,0.17856850575443,0.15204291116576,0.210525669331171,-0.267434172478155,0.230868293308355,-0.0401995248819921,-0.187305533553668,0.141705294885888,-0.0417565095606038,0.142004568173389,0.165168357426351,-0.00245625354273279,-0.0654119644062069,0.272660528761899,-0.0372102418341818,0.0880604778676646,-0.109931107737498,-0.0383262707603882,0.0209447858551606,0.0199874280116578,0.11200930765292,0.00486862657964822,0.0106561146135561,0.027578245399786,0.0416126110279563,0.0570493944040982,0.38856729896554,-0.271542859899781
1,NA,NA,NA,NA,NA,0.502571322570078,0.502571322570078,-1,-0.0927540532368961,-0.163856802638671,0.142311994053627,0.142311994053627,0.142311994053627,0.142311994053627,0.142311994053627,0.142311994053627,-1,1,0.068200889496881,-1,-0.0725506671486117,0.812913356642855,0.848732324669351,-0.371611069949688,-0.439332693830263,0.37238590419965,-0.745966567012242,0.159700842867512,0.0791812460476247,-0.380211241711606,0.890125009827577,0.389971079000762,-1,1,-0.687917925212934,0.0641174996117501,-0.32735893438633,0.590600369160911,-0.9622114391106,0.0969100130080565,-0.148062535455437,0.191343755909239,0.191343755909239,0.19134375590924,0.0824016610219973,0.0824016610219974,-0.246772985259115,-0.409392030619153,-0.118081939244989,-0.118081939244989,-0.118081939244989,1,-0.844208647642382,-0.489310595448766,NA
1,NA,NA,NA,NA,NA,NA,NA,NA,NA,0.0550385242676236,0.0553160086580833,0.0556399452496874,0.0556744996094466,0.0552640812990592,0.0544857868414267,0.0534893658037948,0.0523522283812112,0.0510195894795112,0.0492960927986565,0.0469199175749166,0.043730447328183,0.0397984014989042,0.0353910997486858,0.0308278557326173,0.026357783361148,0.0220983492154344,0.0180418495013722,0.0141808136586796,0.010683032626011,0.00786746901972579,0.00590792653358774,0.00461405858602315,0.00362346107111122,0.00276468371734484,0.00207798022997185,0.00151725905424926,0.000885437629709829,0.000164713320296772,-0.000333415225147404,NA,NA,NA,NA,NA,NA,NA,NA,NA,NA,NA,NA,NA,NA,NA,NA
1,0.0043229721761846,0.00432297217614908,-0.227949708279739,-0.046957347212135,-0.0469573472121521,-0.04695734721217,-0.0469573472121867,-0.0469573472122033,-0.25052173184572,-0.0365632590381365,-0.0239213868802333,0.0346489668347348,0.0740139583836329,-0.168928317554161,-0.0270466610172372,-0.12139790449199,-0.0919975723659969,0.0989263228661258,-0.0917552674840411,0.113131450398042,-0.0190820360574238,0.0690834861196401,-0.0275242406165518,0.121479876096163,-0.110897972047676,0.0410585255666153,0.0997880648775134,-0.0827981320642935,-0.0777753717868272,0.102887041860318,-0.0260619568729466,0.0264590290946806,-0.0911211275963227,0.10555068407441,-0.0738475917954159,0.00408030025273879,-0.0517603097443595,-0.0816448316532445,-0.124618311395073,NA,NA,NA,NA,NA,NA,NA,NA,NA,NA,NA,NA,NA,NA,NA,NA
1,NA,0.082262521054916,-0.0238498527034643,-0.0234361516236099,-0.0226087494641288,-0.0213676462250089,-0.020029409329985,-0.0198453342328056,-0.0206690024845585,-0.0208730842068523,-0.0201112995380527,-0.0159142677512024,-0.0645169881258694,-0.0572402033558143,0.274573873772602,-0.359458825027092,0.0014025362742821,0.00896925205005095,0.00963337303268217,0.00337502562883398,-0.0816435548514318,0.0115294171982794,0.00958729146639418,0.0157498346335727,0.108446479024361,-0.0504604886714921,-0.160023865321372,0.0554431343424594,0.0602475677653486,0.0332595633926121,0.0349143151378564,0.033645176037574,-0.148464062959521,0.0754967326716705,0.0771245565609533,0.0875633404640638,-0.133639346978023,0.0207303045085253,0.0354152019563082,0.00391281298664458,0.0353748848541276,0.0798396533187089,0.0317956781752552,0.242988511328568,-0.42645486539203,0.0317401821304976,-0.271601387190377,-0.0701156153300471,-0.0371517154785104,0.308091754467946,0.374959908112535,-0.164648115509173,-0.0347907589816524,-0.0270004341762622,0.376472026355458
1,NA,NA,NA,NA,NA,NA,NA,NA,NA,NA,NA,NA,NA,NA,0.400716769479713,-0.143869297071814,0.166406590155459,-0.210913844020468,0.00247271480499227,0.26669958456488,0.054439127200557,0.246848251981451,0.359325067265398,-0.304743329607913,0.310475869227278,0.180430698155902,-0.630693832380094,0.75,-0.393137008704561,-0.660244514339583,0.364046836971005,0.141976428773414,0.67417849898276,-0.0519612273139327,-0.811526210704869,0.296717528720913,0.878949756776992,-0.909652232824861,-0.0149675137312015,0.592830332966492,-0.324159261149111,0.311560929568105,-0.255841798699953,0.297752165519662,0.00423949520332037,0.707430903185501,-0.639772729483696,-0.378046388755471,0.196293027889337,0.141808405667822,-0.123663078497619,-0.0597470850937345,0.519266605511482,-0.352056486182912,0.225264034757548
1,0.142653687888452,0.206522411134529,0.128594979670632,0.0781899266192217,-0.118464647471947,-0.102234180851339,-0.107887057449499,-0.074345215713155,-0.121183042240359,-0.219020276003534,0.206029091080401,-0.0446488815065778,0.143261286318949,0.0493652984388997,-0.307642390926556,0.191724253722164,-0.0557755655721812,-0.0269600222264777,0.178307664217157,0.0798295420092733,0.190461186243006,0.146002066535737,-0.0406014839434351,-0.063009009099838,0.190455317901448,-0.140781125411122,0.271134261703767,-0.229439109917187,0.115238496009982,0.109320908691518,-0.230899949103855,-0.239546894644301,-0.0870025337548419,-0.17456804580629,-0.160154247229644,0.208344100159197,-0.0842828130203921,0.128701336801482,0.0204879717015249,0.0773684145466894,0.146605856587627,-0.165015238071167,0.280622829406534,-0.15732792562452,0.14790103278814,-0.150054957300031,0.139603583671075,-0.309233058091065,0.01000381756463,0.343053246244694,0.179630273356684,-0.157884963508312,-0.209680870092732,-0.321197229712583,-0.254993338572861
1,NA,NA,NA,NA,NA,NA,NA,NA,NA,0.0605346427526574,0.0674990462417042,0.0323559659068794,-0.0738054537245929,-0.206424836120633,-0.280252726086219,-0.24176032181309,-0.0985591178538106,0.101251304796208,0.291391114112286,0.398485718818145,0.36929317731318,0.208712043220821,-0.0177695721953837,-0.227864004487693,-0.362623720269812,-0.389813960920745,-0.302270136014081,-0.139420093827706,0.00919270938856187,0.0634130191784425,0.0251675077889001,-0.0315242878881276,-0.0486969895793106,-0.0344126370228599,-0.012453351221011,0.0391600997179693,0.154546964165357,0.297598454966653,0.37947203286117,NA,NA,NA,NA,NA,NA,NA,NA,NA,NA,NA,NA,NA,NA,NA,NA
1,-1,0.579816255425781,0.188837748407462,-0.0060685936331609,-0.00606859363316085,-0.00606859363316081,-0.00606859363316088,-0.188454503794757,-0.119238146541658,0.139361714892288,-0.021744445603304,0.203121944140839,0.0390708861265348,-0.0701744232811762,-0.0566633392356459,0.193900260528524,0.0172228264767248,-0.223204296752428,0.134169366527447,0.0994414872178976,0.105983661628684,-0.143886708432802,0.163761344399435,-0.36929997563799,-0.237836698226569,0.00284190428694695,-0.145098680078482,0.266388609633012,0.141136405252254,0.249847836098644,0.0317272348700184,-0.314976334067217,0.260056079177828,0.112697669399783,-0.0824469862416116,-0.0361275602799943,0.114400250615155,-0.0130251016494513,-0.0156815354545298,-0.127260715591193,-0.12012445685116,0.0642247394005964,0.344525189534566,-0.301862736063596,0.0844961353972428,-0.0368681468787871,-0.159265491207096,0.168865817665257,-0.331956736754531,0.123863599334419,0.150664494861944,0.0919437067234728,0.0219257996382535,-0.106897342327133,0.148575881179735
